0,15166.3
minute,cpu_usage
10,17.9505
11,11.978
12,138.619
13,14.4243
14,61.4715
15,33.8596
16,36.1686
17,12.438
18,30.2829
19,15.0879
20,38.1967
21,34.2266
22,84.403
23,249.88
24,95.1742
25,7.71699
26,133.213
27,13.8381
28,84.03
29,55.9845
30,61.9819
31,14.6918
32,9.0855
33,16.905
34,22.2578
35,339.798
36,195.636
37,248.096
38,18.1608
39,7.72792
40,77.4069
41,115.466
42,68.1845
43,52.6718
44,52.2861
45,34.5156
46,94.1377
47,108.488
48,40.8181
49,46.1283
50,40.1599
51,72.9243
52,30.8506
53,73.8422
54,12.0652
55,9.45723
56,61.3491
57,28.7752
58,64.7666
59,61.7231
60,11.0485
61,25.4816
62,12.7409
63,5.84847
64,61.4001
65,69.3505
66,32.5758
67,56.1324
68,17.111
69,66.0754
70,101.617
71,33.4047
72,97.8654
73,10.429
74,7.12837
75,17.3345
76,53.0418
77,8.48374
78,9.098
79,15.6614
80,144.937
81,22.5091
82,96.1802
83,29.6903
84,15.7898
85,179.278
86,27.0536
87,21.6496
88,9.88183
89,42.767
90,29.6527
91,26.7413
92,44.4819
93,41.3754
94,27.0454
95,7.89604
96,61.6294
97,7.28435
98,10.7673
99,10.726
100,8.35199
101,15.9584
102,19.9218
103,11.359
104,28.2695
105,19.9604
106,21.0027
107,21.3107
108,11.658
109,6.78275
110,11.3324
111,14.997
112,61.8656
113,7.04249
114,11.2589
115,9.82963
116,10.3972
117,9.52883
118,8.79311
119,8.0749
120,7.3507
121,8.30737
122,11.4149
123,9.06019
124,16.5995
125,9.56863
126,136.334
127,17.7491
128,9.65691
129,9.86576
130,10.0046
131,149.142
132,6.89645
133,5.92109
134,15.9179
135,33.7367
136,135.735
137,32.2352
138,10.1849
139,261.051
140,34.1724
141,8.4509
142,39.6915
143,149.361
144,14.0652
145,25.1079
146,39.4899
147,60.0493
148,47.4921
149,29.9145
150,25.8458
151,47.0264
152,19.5736
153,8.65506
154,23.8732
155,9.87451
156,16.0219
157,35.1089
158,9.57348
159,5.85385
160,4.94012
161,15.4641
162,5.34795
163,35.7434
164,26.6478
165,5.13825
166,34.1829
167,25.6232
168,50.0069
169,118.575
170,54.1312
171,69.4611
172,37.0072
173,39.5479
174,27.8632
175,31.7103
176,17.9256
177,17.8032
178,77.9998
179,21.7092
180,13.7727
181,26.2454
182,19.1153
183,13.8725
184,21.8968
185,11.4961
186,13.2235
187,9.98103
188,14.5576
189,16.1705
190,18.6181
191,6.87931
192,10.5578
193,10.9749
194,21.5617
195,24.5081
196,9.06379
197,11.8142
198,47.68
199,9.53294
200,35.634
201,254.78
202,6.3482
203,15.5883
204,6.76821
205,19.6988
206,568.587
207,148.523
208,25.084
209,9.41649
210,8.9844
211,38.6556
212,11.3734
213,40.198
214,23.1732
215,14.9608
216,12.2218
217,7.51099
218,11.5788
219,179.704
220,15.6257
221,69.9925
222,89.5568
223,57.339
224,186.606
225,91.8679
226,28.7293
227,17.5512
228,61.307
229,10.3764
230,33.2578
231,67.0284
232,142.276
233,43.725
234,14.3566
235,82.9469
236,76.6587
237,122.212
238,294.313
239,14.4542
240,6.06889
241,40.837
242,76.3062
243,55.9689
244,47.975
245,35.1791
246,15.8056
247,168.745
248,92.9801
249,31.2122
250,36.1528
251,9.25587
252,4.76653
253,25.138
254,8.16002
255,76.9067
256,22.0928
257,32.866
258,45.7543
259,21.3594
260,45.2999
261,7.18117
262,14.6076
263,274.223
264,64.2567
265,91.5213
266,260.509
267,36.2882
268,84.8527
269,5.73739
270,59.5718
271,7.53571
272,9.19144
273,6.42456
274,9.10842
275,13.4272
276,16.8558
277,16.2537
278,11.2766
279,8.91986
280,12.1069
281,32.6175
282,10.9542
283,8.83472
284,6.51435
285,8.35202
286,102.731
287,15.5977
288,25.4209
289,5.62537
290,90.178
291,133.367
292,61.0957
293,71.0295
294,55.1485
295,6.17268
296,7.32065
297,8.96405
298,10.5362
299,6.93175
300,7.56427
301,32.983
302,9.88913
303,15.3197
304,73.5936
305,6.2166
306,10.7762
307,14.8942
308,9.82715
309,26.8203
310,5.78301
311,12.7413
312,44.7216
313,69.2755
314,25.6922
315,19.8477
316,54.4503
317,37.4893
318,97.0576
319,64.0885
320,76.7891
321,14.6087
322,414.311
323,147.792
324,28.6801
325,19.5694
326,42.463
327,23.622
328,18.7361
329,22.2906
330,19.9522
331,34.1479
332,35.1378
333,7.58187
334,19.1103
335,27.4871
336,25.0907
337,22.0893
338,21.9946
339,21.955
340,13.274
341,111.46
342,29.1565
343,13.5899
344,20.5443
345,33.0219
346,29.1356
347,44.3093
348,26.4128
349,20.688
350,18.4842
351,38.3486
352,21.5748
353,17.4292
354,238.64
355,85.8959
356,49.2207
357,36.8367
358,20.8239
359,16.4387
360,25.373
361,75.208
362,33.1809
363,34.5752
364,218.612
365,57.0687
366,103.926
367,35.1614
368,229.952
369,143.096
370,31.1293
371,36.6992
372,40.0569
373,16.0597
374,17.1764
375,27.2225
376,21.9762
377,36.2018
378,42.3751
379,142.324
380,47.3809
381,37.4422
382,35.9151
383,75.9036
384,23.8495
385,63.9539
386,104.898
387,248.675
388,22.5112
389,53.0013
390,14.9023
391,28.44
392,257.63
393,53.5842
394,30.8374
395,14.1059
396,16.3022
397,6.96466
398,9.04583
399,15.9843
400,42.9322
401,87.8616
402,12.9683
403,6.43457
404,8.61934
405,8.86934
406,10.5369
407,18.4179
408,4.50995
409,7.48075
410,19.6902
411,38.3483
412,22.1715
413,7.97435
414,19.5204
415,21.5812
416,15.8882
417,8.85874
418,13.7428
419,13.034
420,4.00376
421,8.52779
422,21.4954
423,6.73613
424,17.3252
425,9.34629
426,10.4674
427,75.3308
428,21.881
429,403.843
430,29.326
431,21.2431
432,46.026
433,50.1128
434,68.5241
435,217.523
436,80.6722
437,209.087
438,142.625
439,63.9419
440,74.1986
441,14.5851
442,8.4547
443,12.4515
444,211.132
445,175.083
446,111.24
447,31.5096
448,34.1071
449,7.44834
450,22.8804
451,553.625
452,104.451
453,10.2631
454,3.82675
455,9.29786
456,42.0069
457,7.80445
458,16.1619
459,10.3931
460,11.2328
461,16.7062
462,25.4857
463,9.06051
464,10.0018
465,25.1043
466,24.2582
467,43.3641
468,28.6509
469,12.1344
470,106.33
471,31.6988
472,57.7351
473,24.1771
474,118.9
475,341.139
476,221.215
477,9.91334
478,12.2425
479,697.536
480,11.0925
481,926.958
482,28.2017
483,19.4532
484,13.5338
485,15.6752
486,10.3519
487,40.8055
488,21.6638
489,12.069
490,20.2639
491,36.1976
492,95.9818
493,14.7085
494,21.7152
495,32.2303
496,28.945
497,19.7601
498,13.2565
499,139.244
500,423.996
501,38.4269
502,26.2846
503,17.419
504,16.6109
505,7.98136
506,8.8109
507,21.299
508,76.0808
509,26.0501
510,35.7087
511,27.9005
512,20.0047
513,73.2415
514,105.145
515,32.5081
516,16.0948
517,6.37966
518,13.9887
519,24.0855
520,11.3009
521,11.3678
522,14.516
523,22.0755
524,13.4843
525,11.057
526,7.55564
527,15.8803
528,11.6383
529,6.59673
530,48.87
531,130.065
532,74.9999
533,43.3689
534,24.6381
535,15.7759
536,13.902
537,13.466
538,14.5351
539,276.677
540,562.601
541,636.781
542,739.823
543,53.6297
544,57.9641
545,18.5369
546,13.9301
547,7.20842
548,10.0122
549,10.7829
550,11.4714
551,13.4387
552,13.5498
553,15.851
554,14.9768
555,55.2326
556,68.8069
557,68.0056
558,85.1172
559,102.771
560,122.19
561,90.7324
562,87.6875
563,152.473
564,188.867
565,45.0645
566,35.3897
567,30.8795
568,23.3025
569,17.2232
570,16.0146
571,13.5685
572,20.9678
573,246.986
574,12.2717
575,9.47555
576,10.7149
577,172.047
578,35.2313
579,21.6553
580,9.87552
581,12.0224
582,16.6421
583,188.818
584,289.035
585,106.826
586,27.4581
587,29.7511
588,41.2664
589,7.62084
590,9.19449
591,12.0255
592,6.11971
593,7.57205
594,5.31075
595,8.88708
596,7.23369
597,99.9472
598,9.04774
599,7.3186
600,28.7371
601,16.4796
602,16.5689
603,44.4914
604,17.715
605,133.636
606,9.24641
607,22.2833
608,17.0179
609,14.0231
610,17.0812
611,22.2901
612,16.6788
613,11.0177
614,63.2318
615,53.883
616,22.8762
617,30.1223
618,19.8235
619,21.4953
620,43.4746
621,31.892
622,7.97186
623,27.2592
624,14.22
625,90.9313
626,21.8083
627,27.2905
628,371.128
629,24.6603
630,18.4778
631,14.8572
632,17.8554
633,9.05874
634,30.5453
635,22.8096
636,47.3424
637,19.5343
638,752.983
639,1417.57
640,64.9294
641,275.65
642,84.787
643,7.36307
644,34.6053
645,6.94142
646,25.4395
647,28.1859
648,30.2841
649,20.1313
650,35.0361
651,65.0896
652,90.8977
653,37.5236
654,26.1459
655,35.2554
656,38.6839
657,47.5983
658,230.505
659,156.36
660,191.758
661,162.691
662,72.5254
663,25.633
664,20.0509
665,146.018
666,266.767
667,100.825
668,37.4908
669,11.8629
670,30.0878
671,62.9148
672,15.8489
673,28.0726
674,13.674
675,50.3941
676,23.2361
677,22.7831
678,25.386
679,17.0659
680,46.7435
681,29.4277
682,35.0338
683,20.9757
684,46.3329
685,32.7242
686,294.596
687,329.976
688,117.999
689,66.4096
690,109.037
691,54.2414
692,54.5161
693,39.0307
694,32.9787
695,15.6766
696,85.7854
697,102.914
698,64.2685
699,31.1516
700,201.132
701,137.897
702,62.3461
703,94.103
704,38.7315
705,34.9533
706,173.254
707,362.334
708,31.6816
709,61.213
710,69.0714
711,58.611
712,24.5135
713,27.2072
714,22.0775
715,19.9685
716,28.8458
717,22.1646
718,66.1767
719,27.7908
720,30.6398
721,16.5032
722,23.8423
723,20.3795
724,16.2607
725,55.7873
726,40.8171
727,11.6707
728,12.538
729,10.3126
730,13.8692
731,45.7106
732,50.7427
733,11.7942
734,15.1018
735,26.0712
736,17.0827
737,18.2757
738,18.444
739,13.9227
740,87.8432
741,30.5485
742,15.2534
743,25.904
744,23.1235
745,41.7733
746,65.9358
747,23.8056
748,31.2902
749,55.2424
750,18.815
751,21.5555
752,21.4462
753,24.0446
754,14.9281
755,16.8636
756,13.8791
757,18.3786
758,22.8782
759,10.3304
760,18.5939
761,5.23897
762,12.015
763,11.2895
764,8.09683
765,162.464
766,68.5022
767,18.0853
768,7.40198
769,8.3436
770,7.00891
771,10.2332
772,128.18
773,13.2108
774,22.2825
775,57.742
776,108.269
777,138.595
778,79.6422
779,92.1344
780,261.009
781,94.9446
782,62.3292
783,59.7367
784,95.9844
785,92.0293
786,72.5612
787,58.0254
788,133.251
789,172.536
790,338.112
791,191.131
792,52.5526
793,45.1789
794,162.561
795,87.618
796,76.5639
797,752.196
798,1198.76
799,54.037
800,49.1786
801,50.319
802,18.0491
803,18.2126
804,10.5723
805,14.2929
806,16.5486
807,18.8314
808,440.651
809,510.224
810,107.959
811,418.604
812,147.948
813,24.5653
814,14.3155
815,10.6116
816,34.2278
817,38.9805
818,7.90992
819,46.6135
820,18.8254
821,33.693
822,26.2441
823,8.94404
824,6.74995
825,8.53445
826,8.94582
827,14.0624
828,7.86898
829,33.1562
830,64.4289
831,24.7231
832,22.7743
833,73.4099
834,19.4388
835,22.998
836,154.79
837,79.2502
838,32.1375
839,5.97749
840,6.02491
841,502.412
842,1101.19
843,139.445
844,53.8118
845,32.4448
846,26.2971
847,28.7639
848,23.2339
849,19.212
850,30.8369
851,23.9324
852,20.8014
853,49.0884
854,42.6597
855,23.8837
856,35.6106
857,41.7916
858,15.9451
859,13.9916
860,41.3236
861,33.2064
862,44.9063
863,770.339
864,239.177
865,856.754
866,333.844
867,37.8641
868,34.7603
869,191.443
870,298.995
871,128.768
872,220.54
873,130.975
874,87.5951
875,88.8007
876,70.9919
877,59.7985
878,67.6305
879,60.0827
880,57.087
881,57.8037
882,58.8393
883,223.891
884,312.92
885,13.6132
886,9.672
887,15.8422
888,124.226
889,225.448
890,118.616
891,67.3658
892,48.5164
893,13.6572
894,68.1116
895,85.9926
896,237.926
897,423.05
898,49.1074
899,57.2491
900,54.5029
901,21.3465
902,17.1563
903,47.4561
904,51.7911
905,23.8126
906,22.4658
907,11.8355
908,14.2229
909,21.9439
910,90.4832
911,68.9665
912,36.9148
913,21.3483
914,24.5199
915,167.713
916,129.264
917,9.59152
918,17.4553
919,10.4531
920,22.0538
921,8.86303
922,9.56615
923,74.6493
924,18.3334
925,14.6593
926,140.701
927,26.7639
928,11.7092
929,27.9275
930,46.1808
931,165.035
932,24.2105
933,66.2091
934,21.6901
935,32.4276
936,120.287
937,11.6048
938,9.48932
939,25.7092
940,33.7491
941,59.7102
942,20.594
943,11.7244
944,14.2129
945,15.2691
946,59.051
947,15.2322
948,39.9828
949,8.73425
950,27.3478
951,24.7836
952,24.6907
953,9.47865
954,15.6371
955,220.691
956,881.648
957,539.037
958,439.786
959,14.3176
960,29.3626
961,19.082
962,8.63552
963,24.1118
964,119.086
965,35.4544
966,19.9268
967,36.306
968,58.7669
969,89.8431
970,51.5438
971,13.6594
972,104.223
973,191.374
974,80.6912
975,39.0389
976,27.5657
977,21.038
978,23.2137
979,57.2013
980,27.7413
981,93.8082
982,131.353
983,47.4292
984,142.553
985,271.312
986,31.2304
987,158.87
988,25.8275
989,58.8958
990,79.5905
991,73.2229
992,36.9646
993,13.5376
994,12.5106
995,16.6841
996,10.3781
997,12.6604
998,15.1455
999,22.2338
1000,29.0153
1001,21.2766
1002,99.6025
1003,49.5485
1004,20.2519
1005,30.9866
1006,49.8654
1007,10.4999
1008,6.31039
1009,11.0094
1010,90.0047
1011,47.7419
1012,25.369
1013,19.8321
1014,19.1977
1015,9.38872
1016,21.7514
1017,15.1373
1018,10.7454
1019,11.0393
1020,15.1385
1021,20.707
1022,28.6206
1023,16.8861
1024,24.9559
1025,18.6237
1026,15.4299
1027,149.527
1028,15.0872
1029,30.4881
1030,91.8938
1031,24.4762
1032,14.405
1033,99.2264
1034,99.874
1035,44.9816
1036,10.5358
1037,47.2647
1038,32.4344
1039,7.85817
1040,32.0742
1041,40.8036
1042,115.313
1043,28.7136
1044,43.2045
1045,15.3694
1046,33.0584
1047,685.42
1048,1119.22
1049,895.252
1050,173.509
1051,84.8107
1052,88.0701
1053,74.9117
1054,151.657
1055,142.116
1056,43.8898
1057,54.9403
1058,55.7616
1059,55.4307
1060,59.4415
1061,63.0625
1062,89.3599
1063,43.0902
1064,154.62
1065,63.3073
1066,48.1847
1067,34.4021
1068,26.0795
1069,90.9129
1070,222.461
1071,369.542
1072,124.617
1073,60.1112
1074,41.6474
1075,79.4678
1076,35.1839
1077,77.3395
1078,59.3684
1079,44.8263
1080,35.6735
1081,38.6651
1082,36.9925
1083,33.4811
1084,35.9481
1085,52.0946
1086,51.2696
1087,70.9266
1088,89.3814
1089,25.0242
1090,31.2431
1091,24.6616
1092,29.1863
1093,50.7436
1094,54.9365
1095,112.634
1096,46.4893
1097,53.3052
1098,54.1592
1099,26.7818
1100,64.4963
1101,664.324
1102,384.459
1103,46.1808
1104,38.7062
1105,66.8937
1106,89.8026
1107,62.0784
1108,101.538
1109,66.0135
1110,43.6397
1111,37.1224
1112,62.1006
1113,33.3484
1114,48.5098
1115,20.2851
1116,26.6842
1117,24.5034
1118,197.539
1119,95.013
1120,160.066
1121,343.043
1122,142.513
1123,57.7582
1124,20.4317
1125,13.4223
1126,48.1378
1127,15.6035
1128,11.4283
1129,22.4502
1130,21.4711
1131,34.5305
1132,32.9464
1133,17.482
1134,18.6351
1135,11.4983
1136,15.5376
1137,15.5741
1138,33.223
1139,9.04591
1140,22.4494
1141,28.8563
1142,11.7797
1143,9.72503
1144,24.8773
1145,44.9374
1146,29.6637
1147,43.1951
1148,24.1756
1149,39.112
1150,31.2867
1151,395.455
1152,19.3406
1153,9.30008
1154,12.0154
1155,18.5819
1156,14.6514
1157,28.4641
1158,22.0922
1159,26.4719
1160,27.2442
1161,36.2363
1162,17.9235
1163,13.0392
1164,23.8516
1165,163.96
1166,20.3506
1167,19.9633
1168,31.1704
1169,153.926
1170,145.266
1171,185.111
1172,52.2901
1173,10.6106
1174,14.9194
1175,74.5991
1176,96.3539
1177,26.8182
1178,159.846
1179,342.44
1180,61.8758
1181,172.539
1182,262.244
1183,379.455
1184,339.807
1185,194.594
1186,101.115
1187,110.941
1188,373.084
1189,172.044
1190,71.645
1191,155.501
1192,278.214
1193,408.179
1194,141.299
1195,245.363
1196,413.891
1197,287.045
1198,131.429
1199,71.3719
1200,44.8017
1201,151.377
1202,178.48
1203,77.1667
1204,31.0583
1205,121.253
1206,261.587
1207,12.7498
1208,147.033
1209,271.636
1210,54.1612
1211,94.7183
1212,57.2871
1213,78.2273
1214,31.6701
1215,180.983
1216,27.8435
1217,21.0882
1218,19.1466
1219,19.8911
1220,150.832
1221,484.292
1222,43.9361
1223,36.6181
1224,49.0089
1225,28.9554
1226,362.447
1227,217.181
1228,440.9
1229,340.749
1230,204.661
1231,247.016
1232,60.3072
1233,77.5421
1234,351.121
1235,137.786
1236,304.59
1237,245.811
1238,117.466
1239,277.936
1240,133.72
1241,351.371
1242,25.0147
1243,138.693
1244,109.662
1245,170.307
1246,88.0784
1247,47.8251
1248,133.965
1249,191.648
1250,224.036
1251,114.293
1252,33.727
1253,31.6337
1254,132.635
1255,448.852
1256,246.868
1257,149.827
1258,17.4015
1259,19.3952
1260,17.7995
1261,44.4114
1262,50.6087
1263,105.731
1264,176.121
1265,56.5236
1266,54.0945
1267,34.1063
1268,21.8391
1269,33.9171
1270,24.7947
1271,26.5229
1272,141.465
1273,21.5654
1274,20.2002
1275,14.3341
1276,19.442
1277,44.2044
1278,17.5145
1279,195.655
1280,31.4913
1281,114.566
1282,88.1136
1283,13.1024
1284,43.9929
1285,38.6791
1286,16.6874
1287,205.503
1288,233.281
1289,109.165
1290,210.928
1291,79.7093
1292,52.3131
1293,147.028
1294,191.202
1295,204.429
1296,23.1871
1297,100.949
1298,38.817
1299,30.6152
1300,41.8249
1301,257.129
1302,322.85
1303,76.1939
1304,130.493
1305,334.178
1306,469.18
1307,167.083
1308,109.699
1309,46.6929
1310,127.384
1311,68.8332
1312,28.2536
1313,68.7241
1314,105.119
1315,15.2138
1316,15.4099
1317,32.6889
1318,17.3219
1319,44.03
1320,24.1868
1321,46.5743
1322,47.0276
1323,50.4565
1324,43.693
1325,50.1338
1326,23.0847
1327,54.0226
1328,49.1275
1329,58.6884
1330,108.945
1331,168.697
1332,53.2679
1333,531.103
1334,96.3849
1335,37.8787
1336,26.7856
1337,39.7079
1338,281.04
1339,29.7183
1340,188.37
1341,167.498
1342,177.249
1343,87.2891
1344,55.0175
1345,59.1435
1346,29.6226
1347,117.489
1348,143.657
1349,27.0598
1350,125.575
1351,121.372
1352,155.056
1353,338.444
1354,141.646
1355,173.072
1356,275.651
1357,205.27
1358,144.81
1359,23.0899
1360,22.5984
1361,103.51
1362,100.507
1363,84.4105
1364,100.183
1365,210.63
1366,180.305
1367,34.7753
1368,40.1641
1369,202.177
1370,204.361
1371,94.4454
1372,70.2565
1373,24.3836
1374,178.448
1375,25.1291
1376,21.6566
1377,22.8487
1378,27.0271
1379,114.155
1380,109.473
1381,470.587
1382,66.2664
1383,328.141
1384,44.682
1385,186.067
1386,43.2511
1387,82.4904
1388,343.581
1389,97.7463
1390,51.7391
1391,29.7173
1392,24.5402
1393,69.2055
1394,147.043
1395,13.866
1396,13.0204
1397,23.219
1398,215.729
1399,175.246
1400,88.2904
1401,209.747
1402,9.96434
1403,137.006
1404,21.2465
1405,26.6033
1406,32.8101
1407,27.1465
1408,36.0402
1409,92.1721
1410,36.4665
1411,33.9058
1412,224.488
1413,38.1275
1414,41.2819
1415,167.171
1416,10.307
1417,181.369
1418,404.197
1419,46.3234
1420,81.6463
1421,48.5221
1422,221.48
1423,493.01
1424,582.118
1425,117.646
1426,118.281
1427,257.162
1428,28.5053
1429,187.928
1430,150.071
1431,446.519
1432,149.771
1433,128.353
1434,300.291
1435,81.3652
1436,75.009
1437,442.151
1438,218.256
1439,278.978
1440,331.026
1441,41.5717
1442,187.441
1443,162.168
1444,66.9984
1445,52.8234
1446,36.2327
1447,89.6975
1448,81.5025
1449,26.9222
1450,28.3027
1451,206.912
1452,126.951
1453,33.4865
1454,91.783
1455,111.17
1456,132.625
1457,55.0954
1458,284.471
1459,75.6587
1460,79.571
1461,143.767
1462,64.9982
1463,57.3232
1464,211.979
1465,72.3721
1466,172.843
1467,148.711
1468,117.534
1469,105.897
1470,114.749
1471,107.023
1472,84.4919
1473,200.525
1474,105.02
1475,258.644
1476,262.536
1477,309.011
1478,117.631
1479,145.55
1480,68.0005
1481,46.6716
1482,200.624
1483,49.8969
1484,189.089
1485,143.901
1486,158.02
1487,55.7022
1488,34.8766
1489,38.1555
1490,26.6539
1491,19.6237
1492,21.5657
1493,22.4952
1494,78.4724
1495,186.381
1496,129.207
1497,300.27
1498,56.1589
1499,50.3997
1500,63.651
1501,57.7399
1502,105.816
1503,50.8727
1504,46.7506
1505,90.1168
1506,73.7772
1507,55.7952
1508,224.048
1509,357.019
1510,239.354
1511,35.4237
1512,34.868
1513,68.7302
1514,127.351
1515,206.59
1516,400.148
1517,132.616
1518,28.3267
1519,21.2903
1520,87.1556
1521,77.3583
1522,31.1197
1523,73.8594
1524,131.562
1525,111.959
1526,32.0356
1527,93.5084
1528,204.591
1529,27.9562
1530,40.0225
1531,224.218
1532,329.947
1533,89.8278
1534,110.513
1535,273.465
1536,61.2417
1537,26.4083
1538,182.594
1539,200.633
1540,178.505
1541,163.981
1542,270.354
1543,70.4158
1544,103.897
1545,65.8906
1546,121.023
1547,194.98
1548,40.9614
1549,102.664
1550,232.777
1551,162.571
1552,389.535
1553,556.152
1554,294.035
1555,217.379
1556,167.024
1557,171.305
1558,184.683
1559,451.798
1560,331.07
1561,255.717
1562,409.154
1563,246.272
1564,323.764
1565,273.777
1566,264.63
1567,306.194
1568,425.878
1569,445.5
1570,245.554
1571,346.741
1572,311.723
1573,399.346
1574,524.578
1575,449.961
1576,431.125
1577,263.163
1578,397.019
1579,348.058
1580,549.514
1581,420.275
1582,411.779
1583,541.396
1584,436.295
1585,502.939
1586,431.275
1587,323.37
1588,293.348
1589,281.381
1590,432.764
1591,440.347
1592,350.152
1593,472.82
1594,393.157
1595,408.042
1596,232.637
1597,223.589
1598,393.111
1599,259.329
1600,467.923
1601,441.283
1602,340.848
1603,324.009
1604,291.127
1605,258.277
1606,347.693
1607,138.77
1608,403.599
1609,213.323
1610,382.126
1611,185.366
1612,597.121
1613,370.704
1614,312.865
1615,332.29
1616,460.702
1617,358.78
1618,372.141
1619,865.861
1620,351.304
1621,376.694
1622,236.596
1623,444.78
1624,206.291
1625,336.507
1626,405.704
1627,451.517
1628,400.553
1629,399.751
1630,502.574
1631,553.761
1632,645.833
1633,447.275
1634,487.774
1635,475.831
1636,456.698
1637,526.203
1638,494.17
1639,721.049
1640,531.683
1641,596.679
1642,671.276
1643,671.316
1644,588.6
1645,407.143
1646,607.966
1647,595.524
1648,250.765
1649,382.165
1650,601.077
1651,542.098
1652,618.624
1653,696.23
1654,623.227
1655,541.466
1656,602.23
1657,658.688
1658,663.01
1659,636.52
1660,630.202
1661,603.45
1662,593.362
1663,588.24
1664,530.942
1665,330.944
1666,617.945
1667,494.272
1668,400.302
1669,534.636
1670,535.515
1671,527.454
1672,526.179
1673,478.931
1674,681.111
1675,470.212
1676,619.007
1677,558.371
1678,549.942
1679,608.84
1680,601.393
1681,521.488
1682,553.617
1683,529.73
1684,604.948
1685,696.418
1686,567.495
1687,549.581
1688,723.733
1689,601.553
1690,528.544
1691,603.133
1692,563.636
1693,639.076
1694,611.294
1695,609.119
1696,621.616
1697,448.895
1698,497.287
1699,398.45
1700,505.73
1701,424.07
1702,351.727
1703,218.701
1704,324.266
1705,325.148
1706,367.91
1707,474.64
1708,507.788
1709,489.988
1710,351.976
1711,368.902
1712,329.099
1713,285.856
1714,440.393
1715,379.193
1716,383.276
1717,277.109
1718,350.676
1719,292.418
1720,1182.3
1721,306.3
1722,200.612
1723,451.929
1724,432.526
1725,427.476
1726,407.533
1727,583.414
1728,403.575
1729,387.906
1730,570.919
1731,580.892
1732,519.857
1733,385.248
1734,412.77
1735,497.447
1736,470.578
1737,561.618
1738,471.256
1739,305.645
1740,444.644
1741,645.177
1742,584.33
1743,595.321
1744,806.901
1745,617.33
1746,549.396
1747,426.08
1748,600.723
1749,531.499
1750,558.876
1751,458.265
1752,532.361
1753,625.998
1754,497.035
1755,659.964
1756,645.192
1757,649.973
1758,734.29
1759,786.449
1760,589.203
1761,663.933
1762,572.606
1763,710.158
1764,684.803
1765,663.408
1766,631.778
1767,776.983
1768,672.773
1769,496.499
1770,609.935
1771,584.805
1772,686.304
1773,679.036
1774,750.164
1775,584.388
1776,668.121
1777,671.004
1778,704.669
1779,340.239
1780,568.113
1781,406.022
1782,581.797
1783,272.684
1784,336.02
1785,403.531
1786,464.721
1787,471.39
1788,391.895
1789,204.035
1790,478.859
1791,452.108
1792,357.025
1793,618.639
1794,329.535
1795,421.696
1796,493.752
1797,549.666
1798,425.564
1799,548.711
1800,427.401
1801,153.359
1802,150.865
1803,348.173
1804,668.155
1805,482.332
1806,591.769
1807,688.224
1808,725.694
1809,575.441
1810,579.166
1811,657.278
1812,211.477
1813,167.654
1814,111.185
1815,63.5186
1816,300.947
1817,440.371
1818,608.462
1819,528.689
1820,897.592
1821,641.971
1822,544.834
1823,611.795
1824,600.755
1825,585.179
1826,564.631
1827,552.133
1828,754.645
1829,668.944
1830,570.056
1831,697.249
1832,580.991
1833,716.775
1834,665.713
1835,652.528
1836,694.374
1837,608.789
1838,506.768
1839,665.715
1840,611.057
1841,754.165
1842,634.44
1843,552.764
1844,645.285
1845,565.834
1846,622.409
1847,634.617
1848,668.595
1849,637.827
1850,700.525
1851,559.997
1852,616.223
1853,631.179
1854,715.075
1855,627.999
1856,547.247
1857,589.849
1858,624.71
1859,763.896
1860,564.672
1861,623.09
1862,743.115
1863,595.07
1864,626.543
1865,667.152
1866,756.716
1867,696.248
1868,638.822
1869,530.238
1870,575.191
1871,1040.58
1872,805.394
1873,322.812
1874,481.552
1875,492.963
1876,220.303
1877,488.262
1878,193.627
1879,290.007
1880,231.239
1881,377.943
1882,389.579
1883,397.594
1884,413.271
1885,365.868
1886,436.91
1887,398.006
1888,537.219
1889,195.785
1890,298.265
1891,325.372
1892,293.679
1893,184.971
1894,272.4
1895,98.9355
1896,316.417
1897,369.789
1898,309.981
1899,188.835
1900,134.601
1901,279.688
1902,556.1
1903,175.736
1904,56.0434
1905,494.026
1906,264.651
1907,318.831
1908,355.895
1909,266.974
1910,347.306
1911,356.832
1912,273.817
1913,25.7612
1914,112.886
1915,212.975
1916,153.892
1917,119.375
1918,172.257
1919,227.415
1920,108.755
1921,152.835
1922,238.519
1923,338.076
1924,664.196
1925,508.082
1926,394.31
1927,315.661
1928,429.246
1929,84.018
1930,157.581
1931,198.09
1932,183.553
1933,70.9648
1934,364.393
1935,203.571
1936,345.699
1937,182.428
1938,298.232
1939,234.25
1940,226.003
1941,148.224
1942,180.136
1943,206.792
1944,199.036
1945,246.138
1946,216.577
1947,59.8053
1948,381.616
1949,197.59
1950,267.582
1951,98.5
1952,164.255
1953,281.28
1954,128.793
1955,87.824
1956,185.428
1957,176.887
1958,36.0005
1959,211.204
1960,262.075
1961,163.212
1962,572.113
1963,156.208
1964,241.5
1965,58.1202
1966,115.889
1967,193.789
1968,68.1175
1969,206.297
1970,271.785
1971,399.957
1972,321.272
1973,70.8019
1974,217.708
1975,42.6778
1976,293.534
1977,340.742
1978,59.508
1979,341.052
1980,55.9153
1981,418.409
1982,116.128
1983,83.9794
1984,236.027
1985,205.61
1986,177.002
1987,91.3623
1988,157.634
1989,189.425
1990,136.91
1991,210.48
1992,55.0553
1993,153.827
1994,146.855
1995,868.022
1996,383.175
1997,227.873
1998,199.197
1999,463.443
2000,396.443
2001,432.564
2002,141.429
2003,121.725
2004,349.507
2005,188.909
2006,289.094
2007,157.149
2008,80.6966
2009,289.478
2010,213.787
2011,365.008
2012,199.587
2013,192.56
2014,313.402
2015,382.54
2016,346.38
2017,192.496
2018,140.055
2019,190.954
2020,143.271
2021,89.9037
2022,212.053
2023,200.588
2024,267.363
2025,72.4811
2026,27.183
2027,201.399
2028,161.183
2029,105.767
2030,333.036
2031,93.3145
2032,110.985
2033,33.1378
2034,153.151
2035,103.617
2036,113.061
2037,258.135
2038,379.883
2039,309.518
2040,181.603
2041,234.051
2042,158.743
2043,161.039
2044,287.241
2045,259.035
2046,94.8652
2047,197.756
2048,286.84
2049,206.834
2050,356.316
2051,224.371
2052,109.408
2053,21.2829
2054,230.273
2055,171.998
2056,144.796
2057,191.125
2058,363.257
2059,259.317
2060,445.714
2061,208.433
2062,177.74
2063,300.275
2064,290.578
2065,106.652
2066,901.454
2067,309.637
2068,685.325
2069,1042.64
2070,278.448
2071,308.528
2072,714.175
2073,305.929
2074,153.175
2075,285.29
2076,191.122
2077,92.9044
2078,258.147
2079,362.263
2080,210.583
2081,683.003
2082,325.899
2083,179.516
2084,313.227
2085,419.769
2086,218.24
2087,256.041
2088,620.533
2089,245.529
2090,253.153
2091,208.12
2092,585.211
2093,298.916
2094,166.398
2095,36.4011
2096,113.546
2097,180.598
2098,382.2
2099,211.35
2100,586.943
2101,469.125
2102,183.511
2103,179.451
2104,152.784
2105,103.979
2106,125.982
2107,280.158
2108,68.0907
2109,271.056
2110,417.535
2111,152.344
2112,43.8998
2113,147.049
2114,237.72
2115,488.508
2116,320.227
2117,294.684
2118,163.422
2119,330.469
2120,355.41
2121,96.8235
2122,283.532
2123,276.499
2124,120.938
2125,42.9925
2126,33.324
2127,205.858
2128,212.389
2129,119.247
2130,295.505
2131,175.696
2132,290.726
2133,112.369
2134,189.978
2135,134.372
2136,240.981
2137,234.529
2138,178.955
2139,256.473
2140,162.821
2141,189.969
2142,186.618
2143,125.271
2144,273.394
2145,371.257
2146,256.743
2147,20.0133
2148,152.675
2149,179.08
2150,426.371
2151,210.298
2152,240.269
2153,187.73
2154,221.121
2155,423.015
2156,588.862
2157,472.31
2158,289.536
2159,33.6653
2160,94.9098
2161,190.073
2162,277.573
2163,262.95
2164,329.082
2165,289.726
2166,249.394
2167,523.445
2168,336.282
2169,284.955
2170,94.412
2171,314.609
2172,225.76
2173,73.0657
2174,426.129
2175,352.064
2176,243.994
2177,68.9774
2178,292.733
2179,307.95
2180,252.001
2181,151.725
2182,112.177
2183,262.963
2184,305.434
2185,147.455
2186,98.2572
2187,315.827
2188,65.8715
2189,106.28
2190,84.2388
2191,185.64
2192,105.259
2193,64.3299
2194,315.435
2195,242.698
2196,21.6531
2197,206.276
2198,306.107
2199,142.372
2200,159.492
2201,44.42
2202,383.391
2203,81.8245
2204,101.763
2205,1677.59
2206,1040.63
2207,263.471
2208,402.405
2209,541.198
2210,81.3729
2211,206.937
2212,170.765
2213,255.966
2214,319.352
2215,464.256
2216,204.255
2217,229.462
2218,88.0841
2219,203.679
2220,300.22
2221,96.624
2222,141.464
2223,252.489
2224,396.468
2225,454.945
2226,381.455
2227,173.691
2228,220.833
2229,94.9992
2230,377.418
2231,129.14
2232,239.379
2233,242.441
2234,247.947
2235,285.232
2236,204.52
2237,232.158
2238,780.845
2239,1154.26
2240,192.447
2241,379.702
2242,128.82
2243,105.968
2244,218.529
2245,121.721
2246,112.737
2247,177.506
2248,135.786
2249,183.532
2250,427.939
2251,133.9
2252,254.795
2253,426.917
2254,258.433
2255,397.633
2256,197.275
2257,91.9607
2258,98.2641
2259,182.31
2260,436.763
2261,173.573
2262,141.259
2263,289.251
2264,233.611
2265,428.914
2266,347.676
2267,202.57
2268,431.013
2269,193.311
2270,280.608
2271,396.083
2272,238.88
2273,543.799
2274,418.274
2275,77.5916
2276,244.672
2277,308.018
2278,407.673
2279,45.3004
2280,51.4379
2281,178.703
2282,413.352
2283,166.741
2284,231.106
2285,292.646
2286,358.12
2287,317.216
2288,15.5122
2289,115.138
2290,96.0199
2291,100.852
2292,192.379
2293,102.156
2294,31.7395
2295,586.571
2296,69.8697
2297,200.38
2298,192.404
2299,19.7414
2300,27.0666
2301,34.734
2302,36.1125
2303,98.2503
2304,84.3094
2305,157.362
2306,27.0246
2307,324.317
2308,144.311
2309,186.233
2310,146.899
2311,106.311
2312,59.9367
2313,230.475
2314,120.337
2315,252.821
2316,44.8684
2317,245.331
2318,59.944
2319,114.396
2320,172.321
2321,169.584
2322,183.322
2323,314.283
2324,175.855
2325,32.7146
2326,35.6049
2327,32.0796
2328,132.96
2329,152.513
2330,284.69
2331,41.9559
2332,409.125
2333,653.954
2334,364.455
2335,166.372
2336,271.792
2337,177.048
2338,387.04
2339,182.991
2340,253.371
2341,312.198
2342,249.727
2343,159.429
2344,258.54
2345,178.96
2346,96.2362
2347,93.4784
2348,154.363
2349,104.313
2350,44.4408
2351,64.0132
2352,38.5673
2353,128.143
2354,22.7128
2355,33.895
2356,21.8012
2357,480.438
2358,355.026
2359,225.796
2360,161.972
2361,291.478
2362,23.2161
2363,7.95907
2364,88.8309
2365,186.723
2366,192.487
2367,175.952
2368,97.2363
2369,41.8643
2370,49.1405
2371,19.4085
2372,47.3175
2373,97.4256
2374,208.317
2375,231.699
2376,47.7321
2377,22.3209
2378,19.0862
2379,79.9153
2380,190.196
2381,171.72
2382,57.1072
2383,33.6775
2384,389.454
2385,60.913
2386,42.801
2387,124.28
2388,79.5526
2389,271.07
2390,331.91
2391,140.935
2392,173.716
2393,333.431
2394,246.673
2395,87.719
2396,100.707
2397,348.529
2398,188.587
2399,191.924
2400,174.578
2401,74.2878
2402,52.4706
2403,226.585
2404,23.4029
2405,216.416
2406,60.8762
2407,136.685
2408,39.1988
2409,33.4553
2410,47.5297
2411,259.223
2412,101.917
2413,288.492
2414,53.5279
2415,65.8698
2416,87.0053
2417,39.3103
2418,20.3448
2419,41.0017
2420,103.123
2421,54.3949
2422,31.8315
2423,154.899
2424,88.2628
2425,16.5592
2426,98.3697
2427,60.6506
2428,56.5493
2429,94.6689
2430,23.9068
2431,74.7079
2432,237.549
2433,34.3909
2434,105.128
2435,161.271
2436,177.681
2437,16.8496
2438,112.831
2439,19.9812
2440,156.309
2441,73.258
2442,174.301
2443,320.018
2444,271.604
2445,272.543
2446,445.714
2447,72.3155
2448,148.154
2449,119.305
2450,122.35
2451,101.755
2452,180.553
2453,64.3474
2454,285.339
2455,41.1695
2456,197.269
2457,38.9006
2458,96.513
2459,415.82
2460,279.115
2461,103.049
2462,111.917
2463,145.915
2464,50.9285
2465,61.0538
2466,142.322
2467,680.017
2468,265.426
2469,1281.82
2470,131.487
2471,18.3447
2472,66.1281
2473,232.55
2474,18.3275
2475,17.1795
2476,61.4857
2477,187.826
2478,119.046
2479,258.368
2480,95.6681
2481,477.35
2482,117.308
2483,26.5754
2484,169.942
2485,134.838
2486,97.2264
2487,123.992
2488,75.6101
2489,111.974
2490,215.648
2491,26.4572
2492,125.627
2493,212.741
2494,108.922
2495,180.028
2496,129.876
2497,14.2195
2498,81.4743
2499,137.021
2500,22.0722
2501,45.6113
2502,114.342
2503,44.9179
2504,112.875
2505,74.4934
2506,92.9046
2507,363.498
2508,33.3234
2509,59.866
2510,104.803
2511,194.22
2512,42.4974
2513,105.523
2514,46.1439
2515,167.924
2516,33.7009
2517,30.0052
2518,128.447
2519,43.07
2520,114.834
2521,139.855
2522,121.352
2523,136.99
2524,211.687
2525,34.7636
2526,18.7203
2527,30.8753
2528,33.0738
2529,96.6346
2530,89.922
2531,52.7099
2532,50.3629
2533,175.974
2534,44.476
2535,60.0736
2536,251.741
2537,163.945
2538,269.553
2539,37.9028
2540,45.6801
2541,624.68
2542,1071.28
2543,158.565
2544,157.563
2545,42.3572
2546,112.418
2547,250.504
2548,117.532
2549,87.461
2550,150.256
2551,429.797
2552,108.407
2553,93.5709
2554,120.38
2555,86.9369
2556,199.018
2557,274.246
2558,264.59
2559,241.826
2560,84.2857
2561,249.295
2562,230.27
2563,231.01
2564,236.182
2565,277.741
2566,275.847
2567,209.93
2568,192.431
2569,93.7689
2570,170.725
2571,58.9338
2572,172.959
2573,78.9112
2574,81.4159
2575,342.304
2576,112.395
2577,105.011
2578,216.299
2579,331.894
2580,206.165
2581,294.594
2582,691.175
2583,599.687
2584,224.841
2585,493.058
2586,308.809
2587,107.826
2588,161.52
2589,191.168
2590,843.778
2591,1017.12
2592,564.419
2593,353.118
2594,201.222
2595,229.791
2596,210.125
2597,179.784
2598,207.664
2599,61.7844
2600,74.4889
2601,60.3937
2602,77.4815
2603,117.31
2604,126.345
2605,321.741
2606,102.375
2607,115.031
2608,225.067
2609,138.104
2610,114.904
2611,24.7033
2612,33.0175
2613,35.1615
2614,17.8004
2615,33.0855
2616,13.1735
2617,21.4822
2618,10.8649
2619,12.8301
2620,31.8284
2621,15.3455
2622,31.5946
2623,40.2113
2624,139.586
2625,66.2734
2626,357.869
2627,277.458
2628,82.6434
2629,92.5513
2630,95.5582
2631,15.3379
2632,169.688
2633,65.4468
2634,135.705
2635,350.54
2636,70.7725
2637,99.3001
2638,77.1235
2639,50.2598
2640,48.7437
2641,249.216
2642,37.9508
2643,74.6469
2644,284.278
2645,283.923
2646,63.1384
2647,119.94
2648,333.671
2649,178.912
2650,140.795
2651,28.9913
2652,223.017
2653,81.4953
2654,47.1915
2655,168.708
2656,45.5041
2657,202.162
2658,286.557
2659,206.592
2660,288.045
2661,194.89
2662,94.2336
2663,276.309
2664,304.692
2665,338.317
2666,218.316
2667,100.025
2668,249.899
2669,31.317
2670,142.44
2671,127.547
2672,137.888
2673,94.715
2674,305.334
2675,176.496
2676,80.1727
2677,108.493
2678,56.1714
2679,77.4195
2680,19.6155
2681,61.4433
2682,153.654
2683,85.449
2684,161.584
2685,44.6794
2686,105.71
2687,45.4171
2688,26.2991
2689,142.388
2690,183.014
2691,164.86
2692,82.6926
2693,135.68
2694,63.8022
2695,20.2086
2696,76.6158
2697,89.9728
2698,61.4252
2699,163.911
2700,369.381
2701,24.4219
2702,442.596
2703,237.75
2704,72.1559
2705,79.5769
2706,32.84
2707,128.878
2708,61.3229
2709,72.2111
2710,238.941
2711,50.5488
2712,107.155
2713,145.782
2714,91.2656
2715,54.1282
2716,22.5293
2717,12.3138
2718,154.922
2719,52.8651
2720,46.0111
2721,77.5833
2722,139.929
2723,75.7835
2724,136.016
2725,148.495
2726,70.8479
2727,245.408
2728,93.2932
2729,132.345
2730,29.6034
2731,41.9176
2732,124.577
2733,73.2384
2734,156.909
2735,49.1143
2736,25.3199
2737,332.896
2738,125.506
2739,66.4154
2740,88.3489
2741,95.287
2742,264.05
2743,228.145
2744,322.548
2745,111.708
2746,47.25
2747,41.8198
2748,54.8479
2749,104.865
2750,79.5541
2751,174.336
2752,55.9861
2753,57.4811
2754,41.4728
2755,170.184
2756,36.2129
2757,79.3284
2758,25.9812
2759,70.243
2760,147.046
2761,50.2057
2762,31.104
2763,121.88
2764,66.4787
2765,17.2628
2766,14.2625
2767,9.07242
2768,31.799
2769,12.0717
2770,186.205
2771,213.18
2772,57.4981
2773,608.902
2774,30.7247
2775,150.607
2776,216.461
2777,29.1854
2778,54.328
2779,152.139
2780,391.341
2781,299.002
2782,78.67
2783,308.765
2784,117.793
2785,35.1271
2786,50.7424
2787,28.9363
2788,155.464
2789,279.548
2790,272.726
2791,318.486
2792,26.2146
2793,33.226
2794,48.2984
2795,40.909
2796,125.271
2797,57.4084
2798,56.8545
2799,86.1174
2800,29.1008
2801,343.976
2802,240.323
2803,122.272
2804,217.17
2805,47.5306
2806,19.7161
2807,74.5127
2808,35.8656
2809,139.859
2810,114.26
2811,182.017
2812,108.119
2813,105.101
2814,390.748
2815,131.003
2816,125.913
2817,89.2741
2818,79.7323
2819,89.5601
2820,102.559
2821,104.465
2822,102.132
2823,87.6163
2824,172.126
2825,169.047
2826,157.524
2827,164.829
2828,188.725
2829,193.42
2830,227.071
2831,186.102
2832,796.282
2833,500.688
2834,515.685
2835,169.641
2836,198.895
2837,239.713
2838,147.779
2839,237.738
2840,512.323
2841,358.053
2842,270.882
2843,300.331
2844,364.554
2845,343.159
2846,312.129
2847,521.852
2848,422.232
2849,530.567
2850,448.785
2851,464.955
2852,620.926
2853,364.359
2854,324.921
2855,570.697
2856,801.134
2857,518.685
2858,480.762
2859,382.963
2860,393.962
2861,358.41
2862,445.02
2863,590.933
2864,893.081
2865,742.809
2866,425.805
2867,297.608
2868,323.152
2869,308.126
2870,299.568
2871,305.302
2872,307.361
2873,400.38
2874,318.729
2875,370.393
2876,465.805
2877,313.392
2878,426.433
2879,467.104
2880,335.958
2881,419.137
2882,387.037
2883,420.027
2884,490.656
2885,330.745
2886,340.203
2887,441.49
2888,341.059
2889,397.553
2890,398.77
2891,380.764
2892,388.226
2893,361.173
2894,381.145
2895,507.807
2896,351.057
2897,388.167
2898,396.477
2899,378.001
2900,421.69
2901,401.649
2902,365.334
2903,363.171
2904,385.329
2905,362.167
2906,390.22
2907,366.125
2908,420.56
2909,397.655
2910,374.701
2911,421.679
2912,364.248
2913,392.416
2914,361.587
2915,382.986
2916,491.118
2917,491.164
2918,805.644
2919,698.341
2920,948.102
2921,405.645
2922,539.87
2923,332.31
2924,292.379
2925,315.322
2926,423.721
2927,427.971
2928,315.037
2929,367.243
2930,336.625
2931,307.101
2932,322.439
2933,373.237
2934,313.438
2935,299.393
2936,314.639
2937,317.799
2938,430.199
2939,344.723
2940,410.306
2941,572.739
2942,331.592
2943,227.389
2944,344.468
2945,301.256
2946,300.93
2947,387.911
2948,531.919
2949,346.337
2950,352.374
2951,338.637
2952,517.776
2953,402.743
2954,470.289
2955,260.542
2956,365.201
2957,637.228
2958,525.631
2959,451.711
2960,430.824
2961,381.211
2962,385.007
2963,271.176
2964,315.548
2965,728.35
2966,458.466
2967,275.967
2968,327.96
2969,328.084
2970,405.163
2971,396.987
2972,393.247
2973,418.228
2974,341.729
2975,373.609
2976,276.519
2977,335.812
2978,443.85
2979,346.757
2980,540.07
2981,446.15
2982,379.829
2983,388.555
2984,423.588
2985,338.409
2986,332.945
2987,403.144
2988,375.922
2989,280.18
2990,372.192
2991,338.752
2992,320.054
2993,337.042
2994,398.152
2995,520.733
2996,471.228
2997,512.063
2998,378.027
2999,473.027
3000,310.507
3001,450.349
3002,421.519
3003,358.215
3004,442.713
3005,438.404
3006,358.395
3007,381.808
3008,332.23
3009,300.273
3010,320.97
3011,309.903
3012,470.282
3013,333.268
3014,347.725
3015,333.569
3016,323.362
3017,292.06
3018,283.392
3019,300.542
3020,319.007
3021,376.89
3022,348.278
3023,526.758
3024,322.343
3025,353.891
3026,290.037
3027,402.551
3028,447.635
3029,311.601
3030,434.224
3031,458.321
3032,282.149
3033,382.456
3034,449.921
3035,427.264
3036,363.364
3037,396.52
3038,404.675
3039,563.323
3040,590.798
3041,341.299
3042,329.525
3043,317.266
3044,371.122
3045,332.677
3046,368.043
3047,292.612
3048,328.483
3049,371.393
3050,310.439
3051,355.058
3052,374.083
3053,332.422
3054,400.441
3055,326.644
3056,303.064
3057,320.858
3058,331.686
3059,328.97
3060,352.77
3061,354.106
3062,361.53
3063,343.268
3064,369.025
3065,356.228
3066,550.175
3067,480.138
3068,501.371
3069,313.918
3070,383.07
3071,409.664
3072,475.243
3073,364.269
3074,375.306
3075,371.633
3076,339.732
3077,351.607
3078,366.478
3079,358
3080,411.008
3081,327.807
3082,326.918
3083,338.025
3084,332.777
3085,333.37
3086,330.664
3087,347.141
3088,347.073
3089,343.144
3090,313.647
3091,320.979
3092,321.098
3093,403.599
3094,317.662
3095,357.002
3096,382.136
3097,338.635
3098,344.165
3099,393.785
3100,370.604
3101,330.221
3102,379.684
3103,288.53
3104,297.701
3105,269.814
3106,277.145
3107,309.968
3108,276.785
3109,293.841
3110,263.363
3111,387.442
3112,314.453
3113,353.439
3114,336.75
3115,362.621
3116,315.056
3117,328.866
3118,320.233
3119,300.99
3120,309.143
3121,494.716
3122,352.927
3123,361.996
3124,371.499
3125,333.035
3126,455.155
3127,898.354
3128,325.903
3129,335.727
3130,333.531
3131,353.161
3132,279.025
3133,324.215
3134,325.667
3135,324.685
3136,653.006
3137,723.485
3138,414.701
3139,582.221
3140,357.405
3141,371.842
3142,392.509
3143,389.561
3144,372.698
3145,463.279
3146,373.5
3147,374.265
3148,471.424
3149,352.654
3150,361.705
3151,436.604
3152,502.138
3153,318.733
3154,541.118
3155,364.49
3156,260.487
3157,378.726
3158,415.079
3159,373.722
3160,427.06
3161,516.134
3162,349.964
3163,471.423
3164,354.223
3165,388.179
3166,380.425
3167,352.861
3168,441.194
3169,386.826
3170,374.803
3171,364.791
3172,371.993
3173,366.803
3174,313.111
3175,425.125
3176,379.056
3177,344.81
3178,403.833
3179,389.987
3180,363.94
3181,378.928
3182,403.149
3183,400.61
3184,360.657
3185,308.337
3186,338.892
3187,321.844
3188,523.927
3189,490.563
3190,398.006
3191,457.68
3192,373.298
3193,379.941
3194,532.483
3195,1081.03
3196,1103.6
3197,835.431
3198,576.36
3199,333.733
3200,308.7
3201,277.239
3202,25.4853
3203,161.176
3204,15.72
3205,526.854
3206,341.59
3207,286.088
3208,285.146
3209,309.144
3210,298.832
3211,291.092
3212,303.354
3213,518.87
3214,291.841
3215,276.052
3216,266.958
3217,284.191
3218,296.032
3219,310.811
3220,313.076
3221,341.353
3222,354.74
3223,330.334
3224,372.112
3225,589.144
3226,422.644
3227,388.598
3228,380.982
3229,367.736
3230,377.511
3231,427.954
3232,448.671
3233,383.455
3234,346.179
3235,660.316
3236,369.598
3237,302.539
3238,17.1026
3239,202.104
3240,31.2426
3241,475.139
3242,425.533
3243,340.483
3244,388.543
3245,473.545
3246,503.656
3247,370.531
3248,370.617
3249,359.064
3250,367.261
3251,394.363
3252,436.113
3253,379.193
3254,362.719
3255,357.608
3256,371.686
3257,390.469
3258,369.894
3259,361.574
3260,476.037
3261,451.478
3262,359.747
3263,424.251
3264,361.635
3265,326.878
3266,450.648
3267,559.835
3268,312.597
3269,385.807
3270,381.025
3271,355.82
3272,287.096
3273,337.943
3274,337.604
3275,337.554
3276,335.937
3277,364.542
3278,332.107
3279,356.23
3280,566.871
3281,345.765
3282,1730.07
3283,553.76
3284,891.902
3285,369.379
3286,391.657
3287,409.985
3288,456.579
3289,399.058
3290,362.321
3291,529.448
3292,448.214
3293,446.007
3294,386.216
3295,377.499
3296,469.803
3297,343.86
3298,364.732
3299,383.824
3300,369.965
3301,377.139
3302,729.633
3303,813.556
3304,399.992
3305,378.573
3306,422.567
3307,414.647
3308,422.588
3309,474.575
3310,432.836
3311,434.764
3312,391.54
3313,877.264
3314,402.855
3315,311.659
3316,359.857
3317,409.181
3318,428.445
3319,417.196
3320,377.535
3321,388.153
3322,766.636
3323,475.913
3324,435.593
3325,372.58
3326,391.64
3327,421.165
3328,409.069
3329,411.047
3330,404.901
3331,441.341
3332,467.527
3333,418.821
3334,448.954
3335,462.606
3336,409.014
3337,394.871
3338,534.706
3339,541.168
3340,375.127
3341,374.889
3342,406.373
3343,433.997
3344,603.959
3345,12.024
3346,162.514
3347,8.22617
3348,318.63
3349,304.901
3350,411.482
3351,334.985
3352,390.921
3353,398.117
3354,361.153
3355,384.018
3356,407.894
3357,403.722
3358,378.817
3359,407.574
3360,505.229
3361,580.308
3362,434.451
3363,490.718
3364,493.955
3365,505.379
3366,538.738
3367,521.919
3368,488.277
3369,442.8
3370,392.898
3371,405.525
3372,515.543
3373,473.091
3374,426.712
3375,448.023
3376,396.474
3377,432.21
3378,372.949
3379,584.408
3380,548.998
3381,585.792
3382,676.912
3383,425.264
3384,829.604
3385,457.55
3386,267.041
3387,330.823
3388,262.253
3389,183.318
3390,263.421
3391,392.738
3392,539.445
3393,405.81
3394,420.708
3395,631.619
3396,293.186
3397,354.568
3398,340.443
3399,419.37
3400,486.624
3401,471.976
3402,465.748
3403,326.705
3404,358.841
3405,352.755
3406,389.904
3407,356.549
3408,346.485
3409,368.013
3410,263.023
3411,15.484
3412,29.9587
3413,16.6778
3414,36.892
3415,49.237
3416,19.8966
3417,41.6294
3418,41.1182
3419,79.9631
3420,69.3391
3421,9.98925
3422,58.8395
3423,362.998
3424,178.687
3425,326.107
3426,264.133
3427,81.9941
3428,53.4453
3429,135.676
3430,237.88
3431,153.85
3432,168.765
3433,36.0521
3434,138.321
3435,238.605
3436,140.818
3437,203.824
3438,279.879
3439,138.129
3440,285.629
3441,68.9058
3442,286.028
3443,120.21
3444,38.4411
3445,27.9509
3446,25.9675
3447,35.3486
3448,389.84
3449,167.408
3450,289.848
3451,23.1446
3452,27.0005
3453,32.9485
3454,16.5002
3455,11.1872
3456,18.5597
3457,56.7832
3458,22.2105
3459,22.1232
3460,13.5287
3461,20.9952
3462,3.68886
3463,9.60674
3464,14.1319
3465,152.378
3466,351.39
3467,137.297
3468,18.1611
3469,152.88
3470,191.425
3471,401.989
3472,163.589
3473,165.637
3474,81.0989
3475,104.02
3476,297.528
3477,59.5808
3478,65.5468
3479,141.827
3480,153.876
3481,330.039
3482,86.0439
3483,13.3273
3484,20.3132
3485,212.926
3486,193.359
3487,133.71
3488,92.023
3489,150.197
3490,80.7418
3491,48.1441
3492,111.759
3493,41.623
3494,10.3091
3495,32.7707
3496,17.8806
3497,11.4806
3498,48.1974
3499,17.5363
3500,40.709
3501,36.6598
3502,45.3439
3503,50.4543
3504,182.742
3505,162.212
3506,120.699
3507,67.125
3508,190.757
3509,119.423
3510,20.9639
3511,41.7958
3512,67.6467
3513,191.89
3514,21.7499
3515,21.3506
3516,17.4388
3517,18.0767
3518,22.4722
3519,22.1869
3520,24.874
3521,26.9904
3522,32.3708
3523,28.208
3524,44.4224
3525,20.3316
3526,44.4766
3527,23.6316
3528,12.5373
3529,82.0493
3530,26.6994
3531,114.644
3532,287.951
3533,251.002
3534,55.3283
3535,23.2073
3536,13.0889
3537,23.1542
3538,102.677
3539,72.4429
3540,124.254
3541,100.776
3542,19.9768
3543,47.0695
3544,62.5415
3545,71.4472
3546,43.2467
3547,46.5847
3548,74.3189
3549,68.5714
3550,163.183
3551,68.8009
3552,353.736
3553,193.602
3554,557.467
3555,74.7722
3556,253.027
3557,160.42
3558,110.849
3559,21.3197
3560,53.3426
3561,41.0766
3562,23.2287
3563,137.309
3564,14.2785
3565,35.4044
3566,59.5639
3567,45.7884
3568,27.7446
3569,27.2657
3570,17.5512
3571,141.219
3572,29.2786
3573,16.2898
3574,16.8351
3575,27.1243
3576,13.8627
3577,10.1088
3578,136.626
3579,84.8443
3580,152.564
3581,24.7682
3582,29.1862
3583,150.401
3584,25.1332
3585,75.64
3586,24.4441
3587,24.2984
3588,7.79881
3589,13.1395
3590,11.1096
3591,47.4771
3592,54.0755
3593,26.2559
3594,148.559
3595,113.642
3596,68.2139
3597,29.9021
3598,24.7092
3599,9.39362
3600,17.4149
3601,22.7742
3602,51.8586
3603,27.2854
3604,43.2036
3605,42.5976
3606,111.314
3607,67.5704
3608,52.8203
3609,54.569
3610,37.1521
3611,101.159
3612,41.3049
3613,69.874
3614,45.4284
3615,63.0084
3616,81.7038
3617,177.075
3618,67.0848
3619,38.9197
3620,74.5812
3621,34.8604
3622,42.2372
3623,103.36
3624,54.6024
3625,62.0577
3626,44.8194
3627,204.695
3628,147.168
3629,55.6017
3630,417.739
3631,814.483
3632,775.98
3633,203.38
3634,114.618
3635,62.2271
3636,16.256
3637,23.8382
3638,51.8634
3639,41.524
3640,34.486
3641,42.9141
3642,148.052
3643,32.5035
3644,42.2531
3645,53.1331
3646,104.955
3647,78.7823
3648,140.971
3649,218.189
3650,125.653
3651,95.4834
3652,97.3429
3653,102
3654,75.5915
3655,50.1731
3656,39.5872
3657,134.958
3658,21.5507
3659,22.6797
3660,27.4998
3661,465.366
3662,25.1313
3663,18.0429
3664,62.3191
3665,37.3885
3666,41.6914
3667,27.645
3668,119.116
3669,63.219
3670,47.919
3671,12.9989
3672,42.7527
3673,87.2857
3674,820.582
3675,51.9473
3676,427.806
3677,515.829
3678,7.70518
3679,13.6812
3680,40.5076
3681,13.098
3682,10.4149
3683,19.4788
3684,27.4719
3685,40.2649
3686,113.471
3687,44.3933
3688,528.179
3689,960.874
3690,23.6389
3691,21.4843
3692,18.5348
3693,18.3039
3694,12.5396
3695,57.661
3696,43.894
3697,64.5778
3698,122.752
3699,32.7503
3700,32.2562
3701,39.9904
3702,39.895
3703,625.039
3704,333.045
3705,209.947
3706,98.4808
3707,18.4501
3708,33.7032
3709,118.484
3710,38.1764
3711,24.2723
3712,83.39
3713,60.2628
3714,33.7178
3715,43.9964
3716,43.9845
3717,54.1746
3718,163.588
3719,17.1795
3720,88.8174
3721,19.9171
3722,35.4886
3723,25.1484
3724,38.2538
3725,107.742
3726,40.9229
3727,44.6977
3728,32.9098
3729,125.763
3730,21.2604
3731,15.7571
3732,36.4155
3733,292.16
3734,14.4668
3735,28.4896
3736,45.8437
3737,23.1578
3738,24.444
3739,167.453
3740,70.5009
3741,24.7412
3742,107.672
3743,90.7278
3744,125.35
3745,169.958
3746,41.1768
3747,61.6872
3748,31.8921
3749,112.774
3750,26.7554
3751,17.2805
3752,41.0212
3753,40.9102
3754,76.8973
3755,13.0209
3756,21.7457
3757,16.9878
3758,22.6962
3759,13.3147
3760,28.8547
3761,38.5361
3762,27.1732
3763,21.0774
3764,23.2659
3765,42.3407
3766,31.7457
3767,30.6856
3768,46.1007
3769,65.0042
3770,22.7671
3771,28.3802
3772,27.6876
3773,16.4497
3774,26.2854
3775,35.051
3776,22.1766
3777,23.3047
3778,155.523
3779,39.8871
3780,27.8174
3781,79.9817
3782,84.3948
3783,45.881
3784,30.7385
3785,22.841
3786,80.0048
3787,38.2443
3788,88.6406
3789,11.0308
3790,498.611
3791,23.1143
3792,27.4414
3793,9.4449
3794,12.7164
3795,240.091
3796,133.063
3797,227.208
3798,66.2535
3799,128.934
3800,43.1044
3801,46.4178
3802,36.0026
3803,283.818
3804,29.5426
3805,14.8307
3806,19.2549
3807,60.5233
3808,37.3779
3809,36.4987
3810,70.3013
3811,41.8939
3812,72.6998
3813,48.5477
3814,90.816
3815,61.2287
3816,54.637
3817,469.21
3818,430.709
3819,42.908
3820,139.513
3821,60.8695
3822,82.4076
3823,76.0111
3824,47.6888
3825,29.6977
3826,21.1347
3827,25.8778
3828,35.0525
3829,18.1606
3830,36.0235
3831,34.159
3832,54.8437
3833,239.753
3834,55.2636
3835,25.8639
3836,25.2668
3837,16.951
3838,17.8951
3839,22.2008
3840,17.9883
3841,10.3328
3842,124.272
3843,111.584
3844,29.1015
3845,57.7482
3846,34.0193
3847,18.447
3848,11.0249
3849,16.3265
3850,30.4899
3851,92.0328
3852,70.1687
3853,51.699
3854,105.653
3855,113.86
3856,143.818
3857,46.6594
3858,19.284
3859,24.8403
3860,40.0626
3861,14.7881
3862,64.9297
3863,306.972
3864,9.2585
3865,8.28906
3866,31.8859
3867,67.2435
3868,11.2924
3869,39.2532
3870,37.2217
3871,16.2991
3872,45.5957
3873,25.1069
3874,16.8
3875,21.3092
3876,24.6798
3877,17.1017
3878,17.7695
3879,11.9355
3880,26.2117
3881,26.6666
3882,49.3764
3883,20.7639
3884,14.5948
3885,15.3537
3886,14.3046
3887,50.456
3888,33.4912
3889,18.6783
3890,35.8169
3891,16.0365
3892,18.4487
3893,18.0213
3894,132.066
3895,17.2507
3896,21.1477
3897,16.4404
3898,19.0693
3899,13.2239
3900,14.4132
3901,30.7257
3902,80.736
3903,45.0509
3904,49.1385
3905,35.8397
3906,305.836
3907,37.0762
3908,147.199
3909,20.0047
3910,16.1878
3911,52.1827
3912,77.7114
3913,174.741
3914,34.9875
3915,77.9682
3916,90.3278
3917,109.16
3918,130.977
3919,145.24
3920,64.3556
3921,49.2068
3922,273.694
3923,14.5779
3924,141.533
3925,71.215
3926,19.5448
3927,14.9525
3928,12.9894
3929,13.238
3930,12.4319
3931,11.5943
3932,14.3441
3933,23.9619
3934,12.9366
3935,7.62125
3936,15.6055
3937,13.2465
3938,34.7324
3939,32.6833
3940,19.0041
3941,21.2144
3942,99.4118
3943,37.9528
3944,6.46642
3945,105.118
3946,36.5198
3947,20.2408
3948,62.0368
3949,108.314
3950,168.591
3951,66.076
3952,18.8187
3953,8.57097
3954,8.35117
3955,149.568
3956,18.5486
3957,41.9553
3958,38.2547
3959,28.1611
3960,19.0384
3961,87.2996
3962,81.8685
3963,60.8241
3964,90.1552
3965,44.6235
3966,31.1278
3967,27.7926
3968,50.0203
3969,22.3959
3970,137.017
3971,216.903
3972,15.6798
3973,13.4684
3974,19.3055
3975,43.1731
3976,77.5889
3977,143.813
3978,23.3052
3979,68.9909
3980,45.7838
3981,20.5713
3982,21.0826
3983,19.8123
3984,39.9828
3985,27.3796
3986,218.145
3987,29.854
3988,30.5892
3989,51.5614
3990,40.0532
3991,47.2613
3992,19.3087
3993,29.2923
3994,102.952
3995,142.101
3996,29.2998
3997,77.7899
3998,25.2559
3999,23.4681
4000,21.9498
4001,18.5495
4002,16.9973
4003,13.797
4004,14.325
4005,21.8908
4006,32.3037
4007,35.1811
4008,17.4223
4009,28.0481
4010,41.2227
4011,51.8096
4012,140.019
4013,80.9604
4014,16.2493
4015,121.234
4016,356.992
4017,74.5244
4018,100.454
4019,21.8581
4020,22.3479
4021,173.869
4022,23.3708
4023,31.973
4024,16.5445
4025,28.8594
4026,24.6873
4027,16.5745
4028,80.5519
4029,45.9973
4030,26.7165
4031,23.4506
4032,26.9913
4033,41.8328
4034,19.4829
4035,17.114
4036,43.4935
4037,22.0669
4038,19.0781
4039,15.7528
4040,30.8182
4041,24.0913
4042,25.0267
4043,18.5229
4044,17.8088
4045,17.1892
4046,17.0439
4047,23.3295
4048,27.0988
4049,29.9617
4050,29.6203
4051,29.274
4052,56.4443
4053,38.7775
4054,616.621
4055,1197.55
4056,247.793
4057,144.809
4058,58.2529
4059,170.821
4060,77.517
4061,45.6201
4062,37.4888
4063,62.3378
4064,24.243
4065,23.3528
4066,18.7479
4067,24.6593
4068,16.7291
4069,27.1593
4070,25.4851
4071,50.8141
4072,57.85
4073,53.8201
4074,138.626
4075,61.816
4076,29.5628
4077,119.57
4078,48.4366
4079,98.2045
4080,42.9762
4081,23.0147
4082,51.9693
4083,26.1731
4084,41.8429
4085,38.1261
4086,242.136
4087,298.345
4088,336.711
4089,114.266
4090,35.8356
4091,120.5
4092,55.2681
4093,53.454
4094,48.5415
4095,44.378
4096,44.5811
4097,34.6832
4098,28.6942
4099,79.6114
4100,80.7984
4101,46.424
4102,39.4009
4103,35.2344
4104,63.4435
4105,96.6897
4106,51.3444
4107,53.8755
4108,23.4155
4109,62.6079
4110,51.2316
4111,64.7048
4112,30.942
4113,46.5114
4114,34.8198
4115,49.4161
4116,81.9473
4117,122.1
4118,174.565
4119,71.3358
4120,233.404
4121,175.02
4122,111.976
4123,47.6279
4124,196.364
4125,256.156
4126,66.1403
4127,57.2903
4128,35.7411
4129,45.3635
4130,63.1961
4131,37.272
4132,43.0623
4133,35.5177
4134,55.7517
4135,52.5585
4136,233.137
4137,190.19
4138,155.65
4139,68.3705
4140,61.7571
4141,26.7039
4142,64.7084
4143,33.7022
4144,53.3798
4145,29.2965
4146,41.3801
4147,30.8294
4148,42.1107
4149,99.7169
4150,86.9908
4151,27.2691
4152,38.6445
4153,123.524
4154,50.0462
4155,40.0293
4156,46.7126
4157,36.467
4158,43.9831
4159,17.9531
4160,47.2397
4161,49.9782
4162,125.16
4163,25.7199
4164,45.4816
4165,66.6432
4166,477.522
4167,343.858
4168,392.05
4169,452.978
4170,418.186
4171,393.083
4172,407.78
4173,312.363
4174,358.143
4175,504.436
4176,634.909
4177,337.163
4178,342.091
4179,317.093
4180,296.271
4181,300.111
4182,297.995
4183,319.15
4184,318.26
4185,336.671
